tcio_instt_infoexamin_year	instt_code	instt_nm
2026	41700016	화성시 병점구보건소
2026	37700251	영주시보건소
2026	37700260	김천시보건소
2026	37700278	구미시 구미보건소
2026	37700286	안동시보건소
2026	37700294	영양군보건소
2026	37700308	경주시보건소
2026	37700316	동구보건소
2026	37700324	중구보건소
2026	37700332	남구보건소
2026	37700341	서구보건소
2026	37700359	수성구보건소
2026	37700367	북구보건소
2026	37700375	영천시보건소
2026	37700391	상주시보건소
2026	37700405	달서구보건소
2026	37700413	경산시보건소
2026	37700421	구미시 선산보건소
2026	37700430	울진군보건소
2026	37770012	청송군보건의료원
2026	37770039	울릉군보건의료원
2026	38700034	창원시진해보건소
2026	38700042	울주군보건소
2026	38700051	고성군보건소
2026	38700069	사천시보건소
2026	38700077	하동군보건소
2026	38700085	의령군보건소
2026	38700107	김해시보건소
2026	38700115	창원시마산보건소
2026	38700123	중구보건소
2026	38700131	진주시보건소
2026	38700140	창원시창원보건소
2026	38700182	창녕군보건소
2026	38700191	양산시보건소
2026	38700212	함양군보건소
2026	38700221	거창군보건소
2026	38700239	합천군보건소
2026	38700247	남해군보건소
2026	38700298	남구보건소
2026	38700301	동구보건소
2026	38700336	밀양시보건소
2026	38700344	거제시보건소
2026	38700352	통영시보건소
2026	38700361	북구보건소
2026	38700379	함안군보건소
2026	38770024	산청군보건의료원
2026	39700011	서귀포시 동부보건소
2026	39700020	제주시 제주보건소
2026	39700038	제주시 서부보건소
2026	39700046	서귀포시 서귀포보건소
2026	39700054	서귀포시 서부보건소
2026	39700062	제주시 동부보건소
2026	31700616	남양주시풍양보건소
2026	11700017	마포구보건소
2026	11700025	노원구보건소
2026	11700033	성북구보건소
2026	11700041	서대문구보건소
2026	11700050	강동구보건소
2026	11700068	관악구보건소
2026	11700076	은평구보건소
2026	11700084	영등포구보건소
2026	11700092	성동구보건소
2026	11700106	송파구보건소
2026	11700114	중랑구보건소
2026	11700122	종로구보건소
2026	11700131	동작구보건소
2026	11700149	강서구보건소
2026	11700157	중구보건소
2026	11700165	동대문구보건소
2026	11700173	도봉구보건소
2026	11700181	용산구보건소
2026	11700190	강남구보건소
2026	11700203	서초구보건소
2026	11700211	양천구보건소
2026	11700220	구로구보건소
2026	11700238	강북구보건소
2026	11700246	광진구보건소
2026	41700008	화성시 동탄구보건소
2026	34700277	천안시동남구보건소
2026	34700161	천안시서북구보건소
2026	11700254	금천구보건소
2026	21700010	중구보건소
2026	21700028	서구보건소
2026	21700036	동구보건소
2026	21700044	영도구보건소
2026	21700052	부산진구보건소
2026	21700061	동래구보건소
2026	21700079	수영구보건소
2026	21700087	사상구보건소
2026	21700095	해운대구보건소
2026	21700109	사하구보건소
2026	21700117	금정구보건소
2026	21700125	강서구보건소
2026	21700133	기장군보건소
2026	21700141	남구보건소
2026	21700150	북구보건소
2026	21700168	연제구보건소
2026	31700012	부천시보건소(원미)
2026	31700021	시흥시보건소
2026	31700039	동두천시보건소
2026	31700047	의정부시보건소
2026	31700055	파주시보건소
2026	31700098	가평군보건소
2026	31700101	양주시보건소
2026	31700110	여주시보건소
2026	31700128	광주시보건소
2026	31700136	고양시 덕양구보건소
2026	31700144	강화군보건소
2026	31700152	광명시보건소
2026	31700161	부평구보건소
2026	31700179	미추홀구보건소
2026	31700195	수원시 권선구보건소
2026	31700210	화성시 만세구보건소
2026	31700225	용인시 처인구보건소
2026	31700241	옹진군보건소
2026	31700250	성남시 수정구보건소
2026	31700276	이천시보건소
2026	31700284	안성시보건소
2026	31700292	김포시보건소
2026	31700306	포천시보건소
2026	31700314	양평군보건소
2026	31700322	안산시 단원보건소
2026	31700331	과천시보건소
2026	31700349	구리시보건소
2026	31700357	평택시 평택보건소
2026	31700365	남동구보건소
2026	31700381	성남시 중원구보건소
2026	31700390	군포시보건소
2026	31700403	의왕시보건소
2026	31700411	오산시보건소
2026	31700420	부천시보건소(소사)
2026	31700438	하남시보건소
2026	31700446	남양주보건소
2026	31700454	수원시 장안구보건소
2026	31700462	안양시 동안구보건소
2026	31700471	안양시 만안구보건소
2026	31700489	성남시 분당구보건소
2026	31700497	부천시보건소(오정)
2026	31700501	수원시 팔달구보건소
2026	31700594	수원시 영통구보건소
2026	31770011	연천군보건의료원
2026	32700016	동해시보건소
2026	32700032	원주시보건소
2026	32700041	양양군보건소
2026	32700067	인제군보건소
2026	32700075	태백시보건소
2026	32700091	고성군보건소
2026	32700105	철원군보건소
2026	32700121	춘천시보건소
2026	32700130	홍천군보건소
2026	32700148	양구군보건소
2026	32700156	정선군보건소
2026	32700172	영월군보건소
2026	32700202	강릉시보건소
2026	32700211	횡성군보건소
2026	32700229	속초시보건소
2026	32700237	삼척시보건소
2026	32770014	화천군보건의료원
2026	32770022	평창군보건의료원
2026	33700010	보은군보건소
2026	33700028	단양군보건소
2026	33700052	음성군보건소
2026	33700061	옥천군보건소
2026	33700079	청주시 상당구보건소
2026	33700087	영동군보건소
2026	33700095	괴산군보건소
2026	33700109	진천군보건소
2026	33700117	충주시보건소
2026	33700125	청주시 흥덕구보건소
2026	33700141	제천시보건소
2026	33700150	청주시 서원구보건소
2026	33700168	증평군보건소
2026	33700176	청주시 청원구보건소
2026	34700013	대덕구보건소
2026	34700030	당진시보건소
2026	34700056	금산군보건소
2026	34700072	논산시보건소
2026	34700081	홍성군보건소
2026	34700099	세종시보건소
2026	31700519	계양구보건소
2026	31700527	연수구보건소
2026	31700535	고양시 일산서구보건소
2026	31700543	안산시 상록수보건소
2026	31700551	용인시 기흥구보건소
2026	31700560	용인시 수지구보건소
2026	31700578	고양시 일산동구보건소
2026	31700586	평택시 송탄보건소
2026	34700102	예산군보건소
2026	34700137	동구보건소
2026	34700145	부여군보건소
2026	34700153	서구보건소
2026	34700188	서천군보건소
2026	34700196	아산시보건소
2026	34700200	보령시보건소
2026	37700243	달성군보건소
2026	34700218	공주시보건소
2026	34700226	유성구보건소
2026	34700234	중구보건소
2026	34700242	서산시보건소
2026	34700269	계룡시보건소
2026	34770011	청양군보건의료원
2026	34770020	태안군보건의료원
2026	35700017	군산시보건소
2026	35700068	진안군보건소
2026	35700076	완주군보건소
2026	35700092	익산시보건소
2026	35700114	부안군보건소
2026	35700131	남원시보건소
2026	35700173	고창군보건소
2026	35700220	김제시보건소
2026	35700238	정읍시보건소
2026	35770015	순창군보건의료원
2026	35770023	임실군보건의료원
2026	35770031	장수군보건의료원
2026	35770040	무주군보건의료원
2026	36700011	광산구보건소
2026	36700029	순천시보건소
2026	36700037	영암군보건소
2026	36700045	목포시보건소
2026	36700088	무안군보건소
2026	36700096	해남군보건소
2026	36700100	영광군보건소
2026	36700126	강진군보건소
2026	36700142	북구보건소
2026	36700151	동구보건소
2026	36700169	화순군보건소
2026	36700177	신안군보건소
2026	36700185	장흥군보건소
2026	36700193	고흥군보건소
2026	36700215	진도군보건소
2026	36700223	담양군보건소
2026	36700231	보성군보건소
2026	36700258	서구보건소
2026	36700266	나주시보건소
2026	36700274	여수시보건소
2026	36700291	함평군보건소
2026	36700312	광양시보건소
2026	36700321	남구보건소
2026	36700339	장성군보건소
2026	36770019	구례군보건의료원
2026	36770027	곡성군보건의료원
2026	36770035	완도군보건의료원
2026	37700014	군위군보건소
2026	37700022	포항시 남구보건소
2026	37700049	문경시보건소
2026	37700057	예천군보건소
2026	37700073	봉화군보건소
2026	37700111	성주군보건소
2026	37700138	칠곡군보건소
2026	37700146	고령군보건소
2026	37700154	청도군보건소
2026	37700162	포항시 북구보건소
2026	37700201	영덕군보건소
2026	37700235	의성군보건소
2026	31700374	서구보건소
2026	31700375	검단구보건소
2026	31700218	영종구보건소
2026	31700188	제물포구보건소
2026	35700204	덕진구보건소
2026	35700205	완산구보건소
