pbhlth_code	wghtval_dong_nm
11700017	공덕동
11700017	대흥동
11700017	도화동
11700017	망원제1동
11700017	망원제2동
11700017	상암동
11700017	서강동
11700017	서교동
11700017	성산제1동
11700017	성산제2동
11700017	신수동
11700017	아현동
11700017	연남동
11700017	염리동
11700017	용강동
11700017	합정동
11700025	공릉1동
11700025	공릉2동
11700025	상계10동
11700025	상계1동
11700025	상계2동
11700025	상계3.4동
11700025	상계5동
11700025	상계6.7동
11700025	상계8동
11700025	상계9동
11700025	월계1동
11700025	월계2동
11700025	월계3동
11700025	중계1동
11700025	중계2.3동
11700025	중계4동
11700025	중계본동
11700025	하계1동
11700025	하계2동
11700033	길음제1동
11700033	길음제2동
11700033	돈암제1동
11700033	돈암제2동
11700033	동선동
11700033	보문동
11700033	삼선동
11700033	석관동
11700033	성북동
11700033	안암동
11700033	월곡제1동
11700033	월곡제2동
11700033	장위제1동
11700033	장위제2동
11700033	장위제3동
11700033	정릉제1동
11700033	정릉제2동
11700033	정릉제3동
11700033	정릉제4동
11700033	종암동
11700041	남가좌제1동
11700041	남가좌제2동
11700041	북가좌제1동
11700041	북가좌제2동
11700041	북아현동
11700041	신촌동
11700041	연희동
11700041	천연동
11700041	충현동
11700041	홍은제1동
11700041	홍은제2동
11700041	홍제제1동
11700041	홍제제2동
11700041	홍제제3동
11700050	강일동
11700050	고덕제1동
11700050	고덕제2동
11700050	길동
11700050	둔촌제1동
11700050	둔촌제2동
11700050	명일제1동
11700050	명일제2동
11700050	상일제1동
11700050	상일제2동
11700050	성내제1동
11700050	성내제2동
11700050	성내제3동
11700050	암사제1동
11700050	암사제2동
11700050	암사제3동
11700050	천호제1동
11700050	천호제2동
11700050	천호제3동
11700068	낙성대동
11700068	난곡동
11700068	난향동
11700068	남현동
11700068	대학동
11700068	미성동
11700068	보라매동
11700068	삼성동
11700068	서림동
11700068	서원동
11700068	성현동
11700068	신림동
11700068	신사동
11700068	신원동
11700068	은천동
11700068	인헌동
11700068	조원동
11700068	중앙동
11700068	청룡동
11700068	청림동
11700068	행운동
11700076	갈현제1동
11700076	갈현제2동
11700076	구산동
11700076	녹번동
11700076	대조동
11700076	불광제1동
11700076	불광제2동
11700076	수색동
11700076	신사제1동
11700076	신사제2동
11700076	역촌동
11700076	응암제1동
11700076	응암제2동
11700076	응암제3동
11700076	증산동
11700076	진관동
11700084	당산제1동
11700084	당산제2동
11700084	대림제1동
11700084	대림제2동
11700084	대림제3동
11700084	도림동
11700084	문래동
11700084	신길제1동
11700084	신길제3동
11700084	신길제4동
11700084	신길제5동
11700084	신길제6동
11700084	신길제7동
11700084	양평제1동
11700084	양평제2동
11700084	여의동
11700084	영등포동
11700084	영등포본동
11700092	금호1가동
11700092	금호2.3가동
11700092	금호4가동
11700092	마장동
11700092	사근동
11700092	성수1가제1동
11700092	성수1가제2동
11700092	성수2가제1동
11700092	성수2가제3동
11700092	송정동
11700092	옥수동
11700092	왕십리도선동
11700092	왕십리제2동
11700092	용답동
11700092	응봉동
11700092	행당제1동
11700092	행당제2동
11700106	가락1동
11700106	가락2동
11700106	가락본동
11700106	거여1동
11700106	거여2동
11700106	마천1동
11700106	마천2동
11700106	문정1동
11700106	문정2동
11700106	방이1동
11700106	방이2동
11700106	삼전동
11700106	석촌동
11700106	송파1동
11700106	송파2동
11700106	오금동
11700106	오륜동
11700106	위례동
11700106	잠실2동
11700106	잠실3동
11700106	잠실4동
11700106	잠실6동
11700106	잠실7동
11700106	잠실본동
11700106	장지동
11700106	풍납1동
11700106	풍납2동
11700114	망우본동
11700114	망우제3동
11700114	면목본동
11700114	면목제2동
11700114	면목제3.8동
11700114	면목제4동
11700114	면목제5동
11700114	면목제7동
11700114	묵제1동
11700114	묵제2동
11700114	상봉제1동
11700114	상봉제2동
11700114	신내1동
11700114	신내2동
11700114	중화제1동
11700114	중화제2동
11700122	가회동
11700122	교남동
11700122	무악동
11700122	부암동
11700122	사직동
11700122	삼청동
11700122	숭인제1동
11700122	숭인제2동
11700122	이화동
11700122	종로1.2.3.4가동
11700122	종로5.6가동
11700122	창신제1동
11700122	창신제2동
11700122	창신제3동
11700122	청운효자동
11700122	평창동
11700122	혜화동
11700131	노량진제1동
11700131	노량진제2동
11700131	대방동
11700131	사당제1동
11700131	사당제2동
11700131	사당제3동
11700131	사당제4동
11700131	사당제5동
11700131	상도제1동
11700131	상도제2동
11700131	상도제3동
11700131	상도제4동
11700131	신대방제1동
11700131	신대방제2동
11700131	흑석동
11700149	가양제1동
11700149	가양제2동
11700149	가양제3동
11700149	공항동
11700149	등촌제1동
11700149	등촌제2동
11700149	등촌제3동
11700149	발산제1동
11700149	방화제1동
11700149	방화제2동
11700149	방화제3동
11700149	염창동
11700149	우장산동
11700149	화곡본동
11700149	화곡제1동
11700149	화곡제2동
11700149	화곡제3동
11700149	화곡제4동
11700149	화곡제6동
11700149	화곡제8동
11700157	광희동
11700157	다산동
11700157	동화동
11700157	명동
11700157	소공동
11700157	신당동
11700157	신당제5동
11700157	약수동
11700157	을지로동
11700157	장충동
11700157	중림동
11700157	청구동
11700157	필동
11700157	황학동
11700157	회현동
11700165	답십리제1동
11700165	답십리제2동
11700165	신설동
11700165	용두동
11700165	이문제1동
11700165	이문제2동
11700165	장안제1동
11700165	장안제2동
11700165	전농제1동
11700165	전농제2동
11700165	제기동
11700165	청량리동
11700165	회기동
11700165	휘경제1동
11700165	휘경제2동
11700173	도봉제1동
11700173	도봉제2동
11700173	방학제1동
11700173	방학제2동
11700173	방학제3동
11700173	쌍문제1동
11700173	쌍문제2동
11700173	쌍문제3동
11700173	쌍문제4동
11700173	창제1동
11700173	창제2동
11700173	창제3동
11700173	창제4동
11700173	창제5동
11700181	남영동
11700181	보광동
11700181	서빙고동
11700181	용문동
11700181	용산2가동
11700181	원효로제1동
11700181	원효로제2동
11700181	이촌제1동
11700181	이촌제2동
11700181	이태원제1동
11700181	이태원제2동
11700181	청파동
11700181	한강로동
11700181	한남동
11700181	효창동
11700181	후암동
11700190	개포1동
11700190	개포2동
11700190	개포3동
11700190	개포4동
11700190	논현1동
11700190	논현2동
11700190	대치1동
11700190	대치2동
11700190	대치4동
11700190	도곡1동
11700190	도곡2동
11700190	삼성1동
11700190	삼성2동
11700190	세곡동
11700190	수서동
11700190	신사동
11700190	압구정동
11700190	역삼1동
11700190	역삼2동
11700190	일원1동
11700190	일원본동
11700190	청담동
11700203	내곡동
11700203	반포1동
11700203	반포2동
11700203	반포3동
11700203	반포4동
11700203	반포본동
11700203	방배1동
11700203	방배2동
11700203	방배3동
11700203	방배4동
11700203	방배본동
11700203	서초1동
11700203	서초2동
11700203	서초3동
11700203	서초4동
11700203	양재1동
11700203	양재2동
11700203	잠원동
11700211	목1동
11700211	목2동
11700211	목3동
11700211	목4동
11700211	목5동
11700211	신월1동
11700211	신월2동
11700211	신월3동
11700211	신월4동
11700211	신월5동
11700211	신월6동
11700211	신월7동
11700211	신정1동
11700211	신정2동
11700211	신정3동
11700211	신정4동
11700211	신정6동
11700211	신정7동
11700220	가리봉동
11700220	개봉제1동
11700220	개봉제2동
11700220	개봉제3동
11700220	고척제1동
11700220	고척제2동
11700220	구로제1동
11700220	구로제2동
11700220	구로제3동
11700220	구로제4동
11700220	구로제5동
11700220	수궁동
11700220	신도림동
11700220	오류제1동
11700220	오류제2동
11700220	항동
11700238	미아동
11700238	번1동
11700238	번2동
11700238	번3동
11700238	삼각산동
11700238	삼양동
11700238	송중동
11700238	송천동
11700238	수유1동
11700238	수유2동
11700238	수유3동
11700238	우이동
11700238	인수동
11700246	광장동
11700246	구의제1동
11700246	구의제2동
11700246	구의제3동
11700246	군자동
11700246	능동
11700246	자양제1동
11700246	자양제2동
11700246	자양제3동
11700246	자양제4동
11700246	중곡제1동
11700246	중곡제2동
11700246	중곡제3동
11700246	중곡제4동
11700246	화양동
11700254	가산동
11700254	독산제1동
11700254	독산제2동
11700254	독산제3동
11700254	독산제4동
11700254	시흥제1동
11700254	시흥제2동
11700254	시흥제3동
11700254	시흥제4동
11700254	시흥제5동
21700010	광복동
21700010	남포동
21700010	대청동
21700010	동광동
21700010	보수동
21700010	부평동
21700010	영주제1동
21700010	영주제2동
21700010	중앙동
21700028	남부민제1동
21700028	남부민제2동
21700028	동대신제1동
21700028	동대신제2동
21700028	동대신제3동
21700028	부민동
21700028	서대신제1동
21700028	서대신제3동
21700028	서대신제4동
21700028	아미동
21700028	암남동
21700028	초장동
21700028	충무동
21700036	범일제1동
21700036	범일제2동
21700036	범일제5동
21700036	수정제1동
21700036	수정제2동
21700036	수정제4동
21700036	수정제5동
21700036	좌천동
21700036	초량제1동
21700036	초량제2동
21700036	초량제3동
21700036	초량제6동
21700044	남항동
21700044	동삼제1동
21700044	동삼제2동
21700044	동삼제3동
21700044	봉래제1동
21700044	봉래제2동
21700044	신선동
21700044	영선제1동
21700044	영선제2동
21700044	청학제1동
21700044	청학제2동
21700052	가야제1동
21700052	가야제2동
21700052	개금제1동
21700052	개금제2동
21700052	개금제3동
21700052	당감제1동
21700052	당감제2동
21700052	당감제4동
21700052	범천제1동
21700052	범천제2동
21700052	부암제1동
21700052	부암제3동
21700052	부전제1동
21700052	부전제2동
21700052	양정제1동
21700052	양정제2동
21700052	연지동
21700052	전포제1동
21700052	전포제2동
21700052	초읍동
21700061	명륜동
21700061	명장제1동
21700061	명장제2동
21700061	복산동
21700061	사직제1동
21700061	사직제2동
21700061	사직제3동
21700061	수민동
21700061	안락제1동
21700061	안락제2동
21700061	온천제1동
21700061	온천제2동
21700061	온천제3동
21700079	광안제1동
21700079	광안제2동
21700079	광안제3동
21700079	광안제4동
21700079	남천제1동
21700079	남천제2동
21700079	망미제1동
21700079	망미제2동
21700079	민락동
21700079	수영동
21700087	감전동
21700087	괘법동
21700087	덕포제1동
21700087	덕포제2동
21700087	모라제1동
21700087	모라제3동
21700087	삼락동
21700087	엄궁동
21700087	주례제1동
21700087	주례제2동
21700087	주례제3동
21700087	학장동
21700095	반송제1동
21700095	반송제2동
21700095	반여제1동
21700095	반여제2동
21700095	반여제3동
21700095	반여제4동
21700095	송정동
21700095	우제1동
21700095	우제2동
21700095	우제3동
21700095	재송제1동
21700095	재송제2동
21700095	좌제1동
21700095	좌제2동
21700095	좌제3동
21700095	좌제4동
21700095	중제1동
21700095	중제2동
21700109	감천제1동
21700109	감천제2동
21700109	괴정제1동
21700109	괴정제2동
21700109	괴정제3동
21700109	괴정제4동
21700109	구평동
21700109	다대제1동
21700109	다대제2동
21700109	당리동
21700109	신평제1동
21700109	신평제2동
21700109	장림제1동
21700109	장림제2동
21700109	하단제1동
21700109	하단제2동
21700117	구서제1동
21700117	구서제2동
21700117	금사회동동
21700117	금성동
21700117	남산동
21700117	부곡제1동
21700117	부곡제2동
21700117	부곡제3동
21700117	부곡제4동
21700117	서제1동
21700117	서제2동
21700117	서제3동
21700117	선두구동
21700117	장전제1동
21700117	장전제2동
21700117	청룡노포동
21700125	가덕도동
21700125	가락동
21700125	강동동
21700125	녹산동
21700125	대저1동
21700125	대저2동
21700125	명지1동
21700125	명지2동
21700125	신호동
21700133	기장읍
21700133	일광읍
21700133	장안읍
21700133	정관읍
21700133	철마면
21700141	감만제1동
21700141	감만제2동
21700141	대연제1동
21700141	대연제3동
21700141	대연제4동
21700141	대연제5동
21700141	대연제6동
21700141	문현제1동
21700141	문현제2동
21700141	문현제3동
21700141	문현제4동
21700141	용당동
21700141	용호제1동
21700141	용호제2동
21700141	용호제3동
21700141	용호제4동
21700141	우암동
21700150	구포제1동
21700150	구포제2동
21700150	구포제3동
21700150	금곡동
21700150	덕천제1동
21700150	덕천제2동
21700150	덕천제3동
21700150	만덕제1동
21700150	만덕제2동
21700150	만덕제3동
21700150	화명제1동
21700150	화명제2동
21700150	화명제3동
21700168	거제제1동
21700168	거제제2동
21700168	거제제3동
21700168	거제제4동
21700168	연산제1동
21700168	연산제2동
21700168	연산제3동
21700168	연산제4동
21700168	연산제5동
21700168	연산제6동
21700168	연산제8동
21700168	연산제9동
31700012	도당동
31700012	상1동
31700012	상2동
31700012	상3동
31700012	상동
31700012	소사동
31700012	심곡1동
31700012	심곡2동
31700012	심곡3동
31700012	약대동
31700012	역곡1동
31700012	역곡2동
31700012	원미1동
31700012	원미2동
31700012	중1동
31700012	중2동
31700012	중3동
31700012	중4동
31700012	중동
31700012	춘의동
31700021	거북섬동
31700021	과림동
31700021	군자동
31700021	능곡동
31700021	대야동
31700021	매화동
31700021	목감동
31700021	배곧1동
31700021	배곧2동
31700021	신천동
31700021	신현동
31700021	연성동
31700021	월곶동
31700021	은행동
31700021	장곡동
31700021	정왕1동
31700021	정왕2동
31700021	정왕3동
31700021	정왕4동
31700021	정왕본동
31700039	보산동
31700039	불현동
31700039	상패동
31700039	생연1동
31700039	생연2동
31700039	소요동
31700039	송내동
31700039	중앙동
31700047	가능동
31700047	고산동
31700047	녹양동
31700047	송산1동
31700047	송산2동
31700047	송산3동
31700047	신곡1동
31700047	신곡2동
31700047	의정부1동
31700047	의정부2동
31700047	자금동
31700047	장암동
31700047	호원1동
31700047	호원2동
31700047	흥선동
31700055	광탄면
31700055	교하동
31700055	금촌1동
31700055	금촌2동
31700055	금촌3동
31700055	문산읍
31700055	법원읍
31700055	운정1동
31700055	운정2동
31700055	운정3동
31700055	운정4동
31700055	운정5동
31700055	운정6동
31700055	월롱면
31700055	장단면
31700055	적성면
31700055	조리읍
31700055	탄현면
31700055	파주읍
31700055	파평면
31700098	가평읍
31700098	북면
31700098	상면
31700098	설악면
31700098	조종면
31700098	청평면
31700101	광적면
31700101	남면
31700101	백석읍
31700101	양주1동
31700101	양주2동
31700101	옥정1동
31700101	옥정2동
31700101	은현면
31700101	장흥면
31700101	회천1동
31700101	회천2동
31700101	회천3동
31700110	가남읍
31700110	강천면
31700110	금사면
31700110	대신면
31700110	북내면
31700110	산북면
31700110	세종대왕면
31700110	여흥동
31700110	오학동
31700110	점동면
31700110	중앙동
31700110	흥천면
31700128	경안동
31700128	곤지암읍
31700128	광남1동
31700128	광남2동
31700128	남종면
31700128	남한산성면
31700128	능평동
31700128	도척면
31700128	송정동
31700128	신현동
31700128	쌍령동
31700128	오포1동
31700128	오포2동
31700128	초월읍
31700128	탄벌동
31700128	퇴촌면
31700136	고양동
31700136	관산동
31700136	능곡동
31700136	대덕동
31700136	삼송1동
31700136	삼송2동
31700136	성사1동
31700136	성사2동
31700136	원신동
31700136	주교동
31700136	창릉동
31700136	행신1동
31700136	행신2동
31700136	행신3동
31700136	행신4동
31700136	행주동
31700136	화전동
31700136	화정1동
31700136	화정2동
31700136	효자동
31700136	흥도동
31700144	강화읍
31700144	교동면
31700144	길상면
31700144	내가면
31700144	불은면
31700144	삼산면
31700144	서도면
31700144	선원면
31700144	송해면
31700144	양도면
31700144	양사면
31700144	하점면
31700144	화도면
31700152	광명1동
31700152	광명2동
31700152	광명3동
31700152	광명4동
31700152	광명5동
31700152	광명6동
31700152	광명7동
31700152	소하1동
31700152	소하2동
31700152	일직동
31700152	철산1동
31700152	철산2동
31700152	철산3동
31700152	철산4동
31700152	하안1동
31700152	하안2동
31700152	하안3동
31700152	하안4동
31700152	학온동
31700161	갈산1동
31700161	갈산2동
31700161	부개1동
31700161	부개2동
31700161	부개3동
31700161	부평1동
31700161	부평2동
31700161	부평3동
31700161	부평4동
31700161	부평5동
31700161	부평6동
31700161	산곡1동
31700161	산곡2동
31700161	산곡3동
31700161	산곡4동
31700161	삼산1동
31700161	삼산2동
31700161	십정1동
31700161	십정2동
31700161	일신동
31700161	청천1동
31700161	청천2동
31700179	관교동
31700179	도화1동
31700179	도화2.3동
31700179	문학동
31700179	숭의1.3동
31700179	숭의2동
31700179	숭의4동
31700179	용현1.4동
31700179	용현2동
31700179	용현3동
31700179	용현5동
31700179	주안1동
31700179	주안2동
31700179	주안3동
31700179	주안4동
31700179	주안5동
31700179	주안6동
31700179	주안7동
31700179	주안8동
31700179	학익1동
31700179	학익2동
31700188	개항동
31700188	금창동
31700188	도원동
31700188	동인천동
31700188	만석동
31700188	송림1동
31700188	송림2동
31700188	송림3.5동
31700188	송림4동
31700188	송림6동
31700188	송현1.2동
31700188	송현3동
31700188	신포동
31700188	신흥동
31700188	연안동
31700188	율목동
31700188	화수1.화평동
31700188	화수2동
31700195	곡선동
31700195	구운동
31700195	권선1동
31700195	권선2동
31700195	금곡동
31700195	서둔동
31700195	세류1동
31700195	세류2동
31700195	세류3동
31700195	입북동
31700195	평동
31700195	호매실동
31700210	남양읍
31700210	마도면
31700210	매송면
31700210	봉담읍
31700210	비봉면
31700210	새솔동
31700210	서신면
31700210	송산면
31700210	양감면
31700210	우정읍
31700210	장안면
31700210	팔탄면
31700210	향남읍
31700218	영종1동
31700218	영종2동
31700218	영종동
31700218	용유동
31700218	운서1동
31700218	운서2동
31700225	남사읍
31700225	동부동
31700225	모현읍
31700225	백암면
31700225	삼가동
31700225	양지읍
31700225	역북동
31700225	원삼면
31700225	유림1동
31700225	유림2동
31700225	이동읍
31700225	중앙동
31700225	포곡읍
31700241	대청면
31700241	덕적면
31700241	백령면
31700241	북도면
31700241	연평면
31700241	영흥면
31700241	자월면
31700250	고등동
31700250	단대동
31700250	복정동
31700250	산성동
31700250	수진1동
31700250	수진2동
31700250	시흥동
31700250	신촌동
31700250	신흥1동
31700250	신흥2동
31700250	신흥3동
31700250	양지동
31700250	위례동
31700250	태평1동
31700250	태평2동
31700250	태평3동
31700250	태평4동
31700276	관고동
31700276	대월면
31700276	마장면
31700276	모가면
31700276	백사면
31700276	부발읍
31700276	설성면
31700276	신둔면
31700276	율면
31700276	장호원읍
31700276	중리동
31700276	증포동
31700276	창전동
31700276	호법면
31700284	고삼면
31700284	공도읍
31700284	금광면
31700284	대덕면
31700284	미양면
31700284	보개면
31700284	삼죽면
31700284	서운면
31700284	안성1동
31700284	안성2동
31700284	안성3동
31700284	양성면
31700284	원곡면
31700284	일죽면
31700284	죽산면
31700292	고촌읍
31700292	구래동
31700292	김포본동
31700292	대곶면
31700292	마산동
31700292	사우동
31700292	양촌읍
31700292	운양동
31700292	월곶면
31700292	장기동
31700292	장기본동
31700292	통진읍
31700292	풍무동
31700292	하성면
31700306	가산면
31700306	관인면
31700306	군내면
31700306	내촌면
31700306	선단동
31700306	소흘읍
31700306	신북면
31700306	영북면
31700306	영중면
31700306	이동면
31700306	일동면
31700306	창수면
31700306	포천동
31700306	화현면
31700314	강상면
31700314	강하면
31700314	개군면
31700314	단월면
31700314	서종면
31700314	양동면
31700314	양서면
31700314	양평읍
31700314	옥천면
31700314	용문면
31700314	지평면
31700314	청운면
31700322	고잔동
31700322	대부동
31700322	백운동
31700322	선부1동
31700322	선부2동
31700322	선부3동
31700322	신길동
31700322	와동
31700322	원곡동
31700322	중앙동
31700322	초지동
31700322	호수동
31700331	갈현동
31700331	과천동
31700331	문원동
31700331	별양동
31700331	부림동
31700331	원문동
31700331	중앙동
31700349	갈매동
31700349	교문1동
31700349	교문2동
31700349	동구동
31700349	수택1동
31700349	수택2동
31700349	수택3동
31700349	인창동
31700357	동삭동
31700357	비전1동
31700357	비전2동
31700357	세교동
31700357	신평동
31700357	안중읍
31700357	오성면
31700357	용이동
31700357	원평동
31700357	청북읍
31700357	통복동
31700357	팽성읍
31700357	포승읍
31700357	현덕면
31700365	간석1동
31700365	간석2동
31700365	간석3동
31700365	간석4동
31700365	구월1동
31700365	구월2동
31700365	구월3동
31700365	구월4동
31700365	남촌도림동
31700365	논현1동
31700365	논현2동
31700365	논현고잔동
31700365	만수1동
31700365	만수2동
31700365	만수3동
31700365	만수4동
31700365	만수5동
31700365	만수6동
31700365	서창2동
31700365	장수서창동
31700374	가정1동
31700374	가정2동
31700374	가정3동
31700374	가좌1동
31700374	가좌2동
31700374	가좌3동
31700374	가좌4동
31700374	검암경서동
31700374	석남1동
31700374	석남2동
31700374	석남3동
31700374	신현원창동
31700374	연희동
31700374	청라1동
31700374	청라2동
31700374	청라3동
31700375	검단동
31700375	당하동
31700375	마전동
31700375	불로대곡동
31700375	아라1동
31700375	아라2동
31700375	오류왕길동
31700375	원당동
31700381	금광1동
31700381	금광2동
31700381	도촌동
31700381	상대원1동
31700381	상대원2동
31700381	상대원3동
31700381	성남동
31700381	은행1동
31700381	은행2동
31700381	중앙동
31700381	하대원동
31700390	광정동
31700390	군포1동
31700390	군포2동
31700390	궁내동
31700390	금정동
31700390	대야동
31700390	산본1동
31700390	산본2동
31700390	송부동
31700390	수리동
31700390	오금동
31700390	재궁동
31700403	고천동
31700403	내손1동
31700403	내손2동
31700403	부곡동
31700403	오전동
31700403	청계동
31700411	남촌동
31700411	대원1동
31700411	대원2동
31700411	세마동
31700411	신장1동
31700411	신장2동
31700411	중앙동
31700411	초평동
31700420	괴안동
31700420	범박동
31700420	소사본1동
31700420	소사본동
31700420	송내1동
31700420	송내2동
31700420	심곡본1동
31700420	심곡본동
31700420	역곡3동
31700420	옥길동
31700438	감북동
31700438	감일동
31700438	덕풍1동
31700438	덕풍2동
31700438	덕풍3동
31700438	미사1동
31700438	미사2동
31700438	미사3동
31700438	신장1동
31700438	신장2동
31700438	위례동
31700438	천현동
31700438	초이동
31700438	춘궁동
31700446	금곡동
31700446	다산1동
31700446	다산2동
31700446	수동면
31700446	양정동
31700446	와부읍
31700446	조안면
31700446	진건읍
31700446	퇴계원읍
31700446	평내동
31700446	호평동
31700446	화도읍
31700454	송죽동
31700454	연무동
31700454	영화동
31700454	율천동
31700454	정자1동
31700454	정자2동
31700454	정자3동
31700454	조원1동
31700454	조원2동
31700454	파장동
31700462	갈산동
31700462	관양동
31700462	귀인동
31700462	달안동
31700462	범계동
31700462	부림동
31700462	부흥동
31700462	비산1동
31700462	비산2동
31700462	비산3동
31700462	신촌동
31700462	인덕원동
31700462	평안동
31700462	평촌동
31700462	호계1동
31700462	호계2동
31700462	호계3동
31700471	박달동
31700471	석수1동
31700471	석수2동
31700471	안양1동
31700471	안양2동
31700471	안양3동
31700471	안양4동
31700471	안양5동
31700471	안양6동
31700471	안양7동
31700471	안양8동
31700471	안양9동
31700471	충훈동
31700471	호현동
31700489	구미1동
31700489	구미동
31700489	금곡동
31700489	백현동
31700489	분당동
31700489	삼평동
31700489	서현1동
31700489	서현2동
31700489	수내1동
31700489	수내2동
31700489	수내3동
31700489	야탑1동
31700489	야탑2동
31700489	야탑3동
31700489	운중동
31700489	이매1동
31700489	이매2동
31700489	정자1동
31700489	정자2동
31700489	정자3동
31700489	정자동
31700489	판교동
31700497	고강1동
31700497	고강본동
31700497	성곡동
31700497	신흥동
31700497	오정동
31700497	원종1동
31700497	원종2동
31700501	고등동
31700501	매교동
31700501	매산동
31700501	우만1동
31700501	우만2동
31700501	인계동
31700501	지동
31700501	행궁동
31700501	화서1동
31700501	화서2동
31700519	계산1동
31700519	계산2동
31700519	계산3동
31700519	계산4동
31700519	계양1동
31700519	계양2동
31700519	계양3동
31700519	작전1동
31700519	작전2동
31700519	작전서운동
31700519	효성1동
31700519	효성2동
31700527	동춘1동
31700527	동춘2동
31700527	동춘3동
31700527	선학동
31700527	송도1동
31700527	송도2동
31700527	송도3동
31700527	송도4동
31700527	송도5동
31700527	연수1동
31700527	연수2동
31700527	연수3동
31700527	옥련1동
31700527	옥련2동
31700527	청학동
31700535	가좌동
31700535	대화동
31700535	덕이동
31700535	송포동
31700535	일산1동
31700535	일산2동
31700535	일산3동
31700535	주엽1동
31700535	주엽2동
31700535	탄현1동
31700535	탄현2동
31700543	반월동
31700543	본오1동
31700543	본오2동
31700543	본오3동
31700543	부곡동
31700543	사동
31700543	사이동
31700543	성포동
31700543	안산동
31700543	월피동
31700543	이동
31700543	일동
31700543	해양동
31700551	구갈동
31700551	구성동
31700551	기흥동
31700551	동백1동
31700551	동백2동
31700551	동백3동
31700551	마북동
31700551	보라동
31700551	보정동
31700551	상갈동
31700551	상하동
31700551	서농동
31700551	신갈동
31700551	영덕1동
31700551	영덕2동
31700560	동천동
31700560	상현1동
31700560	상현2동
31700560	상현3동
31700560	성복동
31700560	신봉동
31700560	죽전1동
31700560	죽전2동
31700560	죽전3동
31700560	풍덕천1동
31700560	풍덕천2동
31700578	고봉동
31700578	마두1동
31700578	마두2동
31700578	백석1동
31700578	백석2동
31700578	식사동
31700578	장항1동
31700578	장항2동
31700578	정발산동
31700578	중산1동
31700578	중산2동
31700578	풍산동
31700586	고덕동
31700586	고덕면
31700586	서정동
31700586	서탄면
31700586	송북동
31700586	송탄동
31700586	신장1동
31700586	신장2동
31700586	중앙동
31700586	지산동
31700586	진위면
31700594	광교1동
31700594	광교2동
31700594	망포1동
31700594	망포2동
31700594	매탄1동
31700594	매탄2동
31700594	매탄3동
31700594	매탄4동
31700594	영통1동
31700594	영통2동
31700594	영통3동
31700594	원천동
31700616	별내동
31700616	별내면
31700616	오남읍
31700616	진접읍
31770011	군남면
31770011	미산면
31770011	백학면
31770011	신서면
31770011	연천읍
31770011	왕징면
31770011	장남면
31770011	전곡읍
31770011	중면
31770011	청산면
32700016	동호동
32700016	망상동
32700016	묵호동
32700016	발한동
32700016	부곡동
32700016	북삼동
32700016	북평동
32700016	삼화동
32700016	송정동
32700016	천곡동
32700032	개운동
32700032	귀래면
32700032	단계동
32700032	단구동
32700032	명륜1동
32700032	명륜2동
32700032	무실동
32700032	문막읍
32700032	반곡관설동
32700032	봉산동
32700032	부론면
32700032	소초면
32700032	신림면
32700032	우산동
32700032	원인동
32700032	일산동
32700032	중앙동
32700032	지정면
32700032	태장1동
32700032	태장2동
32700032	판부면
32700032	학성동
32700032	행구동
32700032	호저면
32700032	흥업면
32700041	강현면
32700041	서면
32700041	손양면
32700041	양양읍
32700041	현남면
32700041	현북면
32700067	기린면
32700067	남면
32700067	북면
32700067	상남면
32700067	서화면
32700067	인제읍
32700075	구문소동
32700075	문곡소도동
32700075	삼수동
32700075	상장동
32700075	장성동
32700075	철암동
32700075	황연동
32700075	황지동
32700091	간성읍
32700091	거진읍
32700091	죽왕면
32700091	토성면
32700091	현내면
32700105	갈말읍
32700105	근남면
32700105	근북면
32700105	김화읍
32700105	동송읍
32700105	서면
32700105	철원읍
32700121	강남동
32700121	교동
32700121	근화동
32700121	남면
32700121	남산면
32700121	동내면
32700121	동면
32700121	동산면
32700121	북산면
32700121	사북면
32700121	서면
32700121	석사동
32700121	소양동
32700121	신동면
32700121	신북읍
32700121	신사우동
32700121	약사명동
32700121	조운동
32700121	퇴계동
32700121	효자1동
32700121	효자2동
32700121	효자3동
32700121	후평1동
32700121	후평2동
32700121	후평3동
32700130	남면
32700130	내면
32700130	내촌면
32700130	두촌면
32700130	북방면
32700130	서면
32700130	서석면
32700130	영귀미면
32700130	홍천읍
32700130	화촌면
32700148	국토정중앙면
32700148	동면
32700148	방산면
32700148	양구읍
32700148	해안면
32700156	고한읍
32700156	남면
32700156	북평면
32700156	사북읍
32700156	신동읍
32700156	여량면
32700156	임계면
32700156	정선읍
32700156	화암면
32700172	김삿갓면
32700172	남면
32700172	무릉도원면
32700172	북면
32700172	산솔면
32700172	상동읍
32700172	영월읍
32700172	주천면
32700172	한반도면
32700202	강남동
32700202	강동면
32700202	경포동
32700202	교1동
32700202	교2동
32700202	구정면
32700202	내곡동
32700202	사천면
32700202	성덕동
32700202	성산면
32700202	송정동
32700202	연곡면
32700202	옥계면
32700202	옥천동
32700202	왕산면
32700202	주문진읍
32700202	중앙동
32700202	초당동
32700202	포남1동
32700202	포남2동
32700202	홍제동
32700211	갑천면
32700211	강림면
32700211	공근면
32700211	둔내면
32700211	서원면
32700211	안흥면
32700211	우천면
32700211	청일면
32700211	횡성읍
32700229	교동
32700229	금호동
32700229	노학동
32700229	대포동
32700229	동명동
32700229	영랑동
32700229	조양동
32700229	청호동
32700237	가곡면
32700237	교동
32700237	근덕면
32700237	남양동
32700237	노곡면
32700237	도계읍
32700237	미로면
32700237	성내동
32700237	신기면
32700237	원덕읍
32700237	정라동
32700237	하장면
32770014	간동면
32770014	사내면
32770014	상서면
32770014	하남면
32770014	화천읍
32770022	대관령면
32770022	대화면
32770022	미탄면
32770022	방림면
32770022	봉평면
32770022	용평면
32770022	진부면
32770022	평창읍
33700010	내북면
33700010	마로면
33700010	보은읍
33700010	산외면
33700010	삼승면
33700010	속리산면
33700010	수한면
33700010	장안면
33700010	탄부면
33700010	회남면
33700010	회인면
33700028	가곡면
33700028	단성면
33700028	단양읍
33700028	대강면
33700028	매포읍
33700028	어상천면
33700028	영춘면
33700028	적성면
33700052	감곡면
33700052	금왕읍
33700052	대소면
33700052	맹동면
33700052	삼성면
33700052	생극면
33700052	소이면
33700052	원남면
33700052	음성읍
33700061	군북면
33700061	군서면
33700061	동이면
33700061	안남면
33700061	안내면
33700061	옥천읍
33700061	이원면
33700061	청산면
33700061	청성면
33700079	가덕면
33700079	금천동
33700079	남일면
33700079	낭성면
33700079	문의면
33700079	미원면
33700079	성안동
33700079	영운동
33700079	용담.명암.산성동
33700079	용암1동
33700079	용암2동
33700079	중앙동
33700079	탑대성동
33700087	매곡면
33700087	상촌면
33700087	심천면
33700087	양강면
33700087	양산면
33700087	영동읍
33700087	용산면
33700087	용화면
33700087	추풍령면
33700087	학산면
33700087	황간면
33700095	감물면
33700095	괴산읍
33700095	문광면
33700095	불정면
33700095	사리면
33700095	소수면
33700095	연풍면
33700095	장연면
33700095	청안면
33700095	청천면
33700095	칠성면
33700109	광혜원면
33700109	덕산읍
33700109	문백면
33700109	백곡면
33700109	이월면
33700109	진천읍
33700109	초평면
33700117	교현.안림동
33700117	교현2동
33700117	금가면
33700117	노은면
33700117	달천동
33700117	대소원면
33700117	동량면
33700117	목행.용탄동
33700117	문화동
33700117	봉방동
33700117	산척면
33700117	살미면
33700117	성내.충인동
33700117	소태면
33700117	수안보면
33700117	신니면
33700117	앙성면
33700117	엄정면
33700117	연수동
33700117	용산동
33700117	주덕읍
33700117	중앙탑면
33700117	지현동
33700117	칠금.금릉동
33700117	호암.직동
33700125	가경동
33700125	강내면
33700125	강서제1동
33700125	강서제2동
33700125	복대1동
33700125	복대2동
33700125	봉명1동
33700125	봉명2.송정동
33700125	오송읍
33700125	옥산면
33700125	운천.신봉동
33700141	교동
33700141	금성면
33700141	남현동
33700141	덕산면
33700141	백운면
33700141	봉양읍
33700141	송학면
33700141	수산면
33700141	신백동
33700141	영서동
33700141	용두동
33700141	의림지동
33700141	중앙동
33700141	청전동
33700141	청풍면
33700141	한수면
33700141	화산동
33700150	남이면
33700150	모충동
33700150	분평동
33700150	사직1동
33700150	사직2동
33700150	사창동
33700150	산남동
33700150	성화.개신.죽림동
33700150	수곡1동
33700150	수곡2동
33700150	현도면
33700168	도안면
33700168	증평읍
33700176	내덕1동
33700176	내덕2동
33700176	내수읍
33700176	북이면
33700176	오근장동
33700176	오창읍
33700176	우암동
33700176	율량.사천동
34700013	대화동
34700013	덕암동
34700013	목상동
34700013	법1동
34700013	법2동
34700013	비래동
34700013	석봉동
34700013	송촌동
34700013	신탄진동
34700013	오정동
34700013	중리동
34700013	회덕동
34700030	고대면
34700030	당진1동
34700030	당진2동
34700030	당진3동
34700030	대호지면
34700030	면천면
34700030	석문면
34700030	송산면
34700030	송악읍
34700030	순성면
34700030	신평면
34700030	우강면
34700030	정미면
34700030	합덕읍
34700056	군북면
34700056	금산읍
34700056	금성면
34700056	남이면
34700056	남일면
34700056	복수면
34700056	부리면
34700056	제원면
34700056	진산면
34700056	추부면
34700072	가야곡면
34700072	강경읍
34700072	광석면
34700072	노성면
34700072	벌곡면
34700072	부적면
34700072	부창동
34700072	상월면
34700072	성동면
34700072	양촌면
34700072	연무읍
34700072	연산면
34700072	은진면
34700072	채운면
34700072	취암동
34700081	갈산면
34700081	결성면
34700081	광천읍
34700081	구항면
34700081	금마면
34700081	서부면
34700081	은하면
34700081	장곡면
34700081	홍동면
34700081	홍북읍
34700081	홍성읍
34700099	고운동
34700099	금남면
34700099	나성동
34700099	다정동
34700099	대평동
34700099	도담동
34700099	반곡동
34700099	보람동
34700099	부강면
34700099	새롬동
34700099	소담동
34700099	소정면
34700099	아름동
34700099	어진동
34700099	연기면
34700099	연동면
34700099	연서면
34700099	장군면
34700099	전동면
34700099	전의면
34700099	조치원읍
34700099	종촌동
34700099	한솔동
34700099	해밀동
34700102	고덕면
34700102	광시면
34700102	대술면
34700102	대흥면
34700102	덕산면
34700102	봉산면
34700102	삽교읍
34700102	신암면
34700102	신양면
34700102	예산읍
34700102	오가면
34700102	응봉면
34700137	가양1동
34700137	가양2동
34700137	대동
34700137	대청동
34700137	산내동
34700137	삼성동
34700137	성남동
34700137	신인동
34700137	용운동
34700137	용전동
34700137	자양동
34700137	중앙동
34700137	판암1동
34700137	판암2동
34700137	홍도동
34700137	효동
34700145	구룡면
34700145	규암면
34700145	남면
34700145	내산면
34700145	부여읍
34700145	석성면
34700145	세도면
34700145	양화면
34700145	옥산면
34700145	외산면
34700145	은산면
34700145	임천면
34700145	장암면
34700145	초촌면
34700145	충화면
34700145	홍산면
34700153	가수원동
34700153	가장동
34700153	갈마1동
34700153	갈마2동
34700153	관저1동
34700153	관저2동
34700153	괴정동
34700153	기성동
34700153	내동
34700153	도마1동
34700153	도마2동
34700153	도안동
34700153	둔산1동
34700153	둔산2동
34700153	둔산3동
34700153	만년동
34700153	변동
34700153	복수동
34700153	용문동
34700153	월평1동
34700153	월평2동
34700153	월평3동
34700153	정림동
34700153	탄방동
34700161	백석동
34700161	부성1동
34700161	부성2동
34700161	불당1동
34700161	불당2동
34700161	성거읍
34700161	성정1동
34700161	성정2동
34700161	성환읍
34700161	쌍용1동
34700161	쌍용2동
34700161	쌍용3동
34700161	입장면
34700161	직산읍
34700188	기산면
34700188	마산면
34700188	마서면
34700188	문산면
34700188	비인면
34700188	서면
34700188	서천읍
34700188	시초면
34700188	장항읍
34700188	종천면
34700188	판교면
34700188	한산면
34700188	화양면
34700196	도고면
34700196	둔포면
34700196	배방읍
34700196	선장면
34700196	송악면
34700196	신창면
34700196	염치읍
34700196	영인면
34700196	온양1동
34700196	온양2동
34700196	온양3동
34700196	온양4동
34700196	온양5동
34700196	온양6동
34700196	음봉면
34700196	인주면
34700196	탕정면
34700200	남포면
34700200	대천1동
34700200	대천2동
34700200	대천3동
34700200	대천4동
34700200	대천5동
34700200	미산면
34700200	성주면
34700200	오천면
34700200	웅천읍
34700200	주교면
34700200	주산면
34700200	주포면
34700200	천북면
34700200	청라면
34700200	청소면
34700218	계룡면
34700218	금학동
34700218	반포면
34700218	사곡면
34700218	신관동
34700218	신풍면
34700218	옥룡동
34700218	우성면
34700218	웅진동
34700218	월송동
34700218	유구읍
34700218	의당면
34700218	이인면
34700218	정안면
34700218	중학동
34700218	탄천면
34700226	관평동
34700226	구즉동
34700226	노은1동
34700226	노은2동
34700226	노은3동
34700226	상대동
34700226	신성동
34700226	온천1동
34700226	온천2동
34700226	원신흥동
34700226	전민동
34700226	진잠동
34700226	학하동
34700234	대사동
34700234	대흥동
34700234	목동
34700234	문창동
34700234	문화1동
34700234	문화2동
34700234	부사동
34700234	산성동
34700234	석교동
34700234	오류동
34700234	용두동
34700234	유천1동
34700234	유천2동
34700234	은행선화동
34700234	중촌동
34700234	태평1동
34700234	태평2동
34700242	고북면
34700242	대산읍
34700242	동문1동
34700242	동문2동
34700242	부석면
34700242	부춘동
34700242	석남동
34700242	성연면
34700242	수석동
34700242	운산면
34700242	음암면
34700242	인지면
34700242	지곡면
34700242	팔봉면
34700242	해미면
34700269	금암동
34700269	두마면
34700269	신도안면
34700269	엄사면
34700277	광덕면
34700277	동면
34700277	목천읍
34700277	문성동
34700277	병천면
34700277	봉명동
34700277	북면
34700277	성남면
34700277	수신면
34700277	신방동
34700277	신안동
34700277	원성1동
34700277	원성2동
34700277	일봉동
34700277	중앙동
34700277	청룡동
34700277	풍세면
34770011	남양면
34770011	대치면
34770011	목면
34770011	비봉면
34770011	운곡면
34770011	장평면
34770011	정산면
34770011	청남면
34770011	청양읍
34770011	화성면
34770020	고남면
34770020	근흥면
34770020	남면
34770020	소원면
34770020	안면읍
34770020	원북면
34770020	이원면
34770020	태안읍
35700017	개정동
35700017	개정면
35700017	경암동
35700017	구암동
35700017	나운1동
35700017	나운2동
35700017	나운3동
35700017	나포면
35700017	대야면
35700017	미성동
35700017	삼학동
35700017	서수면
35700017	성산면
35700017	소룡동
35700017	수송동
35700017	신풍동
35700017	옥구읍
35700017	옥도면
35700017	옥산면
35700017	옥서면
35700017	월명동
35700017	임피면
35700017	조촌동
35700017	중앙동
35700017	해신동
35700017	회현면
35700017	흥남동
35700068	동향면
35700068	마령면
35700068	백운면
35700068	부귀면
35700068	상전면
35700068	성수면
35700068	안천면
35700068	용담면
35700068	정천면
35700068	주천면
35700068	진안읍
35700076	경천면
35700076	고산면
35700076	구이면
35700076	동상면
35700076	봉동읍
35700076	비봉면
35700076	삼례읍
35700076	상관면
35700076	소양면
35700076	용진읍
35700076	운주면
35700076	이서면
35700076	화산면
35700092	금마면
35700092	남중동
35700092	낭산면
35700092	동산동
35700092	마동
35700092	망성면
35700092	모현동
35700092	삼기면
35700092	삼성동
35700092	성당면
35700092	송학동
35700092	신동
35700092	어양동
35700092	여산면
35700092	영등1동
35700092	영등2동
35700092	오산면
35700092	왕궁면
35700092	용동면
35700092	용안면
35700092	웅포면
35700092	인화동
35700092	중앙동
35700092	춘포면
35700092	팔봉동
35700092	평화동
35700092	함라면
35700092	함열읍
35700092	황등면
35700114	계화면
35700114	동진면
35700114	백산면
35700114	변산면
35700114	보안면
35700114	부안읍
35700114	상서면
35700114	위도면
35700114	주산면
35700114	줄포면
35700114	진서면
35700114	하서면
35700114	행안면
35700131	금동
35700131	금지면
35700131	노암동
35700131	대강면
35700131	대산면
35700131	덕과면
35700131	도통동
35700131	동충동
35700131	보절면
35700131	사매면
35700131	산내면
35700131	산동면
35700131	송동면
35700131	수지면
35700131	아영면
35700131	왕정동
35700131	운봉읍
35700131	이백면
35700131	인월면
35700131	주생면
35700131	주천면
35700131	죽항동
35700131	향교동
35700173	고수면
35700173	고창읍
35700173	공음면
35700173	대산면
35700173	무장면
35700173	부안면
35700173	상하면
35700173	성내면
35700173	성송면
35700173	신림면
35700173	심원면
35700173	아산면
35700173	해리면
35700173	흥덕면
35700204	금암동
35700204	덕진동
35700204	송천1동
35700204	송천2동
35700204	송천3동
35700204	여의동
35700204	우아1동
35700204	우아2동
35700204	인후1동
35700204	인후2동
35700204	인후3동
35700204	조촌동
35700204	진북동
35700204	팔복동
35700204	혁신동
35700204	호성동
35700205	노송동
35700205	동서학동
35700205	삼천1동
35700205	삼천2동
35700205	삼천3동
35700205	서서학동
35700205	서신동
35700205	완산동
35700205	중앙동
35700205	중화산1동
35700205	중화산2동
35700205	평화1동
35700205	평화2동
35700205	풍남동
35700205	효자1동
35700205	효자2동
35700205	효자3동
35700205	효자4동
35700205	효자5동
35700220	검산동
35700220	공덕면
35700220	광활면
35700220	교월동
35700220	금구면
35700220	금산면
35700220	만경읍
35700220	백구면
35700220	백산면
35700220	봉남면
35700220	부량면
35700220	성덕면
35700220	신풍동
35700220	요촌동
35700220	용지면
35700220	죽산면
35700220	진봉면
35700220	청하면
35700220	황산면
35700238	감곡면
35700238	고부면
35700238	내장상동
35700238	농소동
35700238	덕천면
35700238	북면
35700238	산내면
35700238	산외면
35700238	상교동
35700238	소성면
35700238	수성동
35700238	시기동
35700238	신태인읍
35700238	연지동
35700238	영원면
35700238	옹동면
35700238	이평면
35700238	입암면
35700238	장명동
35700238	정우면
35700238	초산동
35700238	칠보면
35700238	태인면
35770015	구림면
35770015	금과면
35770015	동계면
35770015	복흥면
35770015	순창읍
35770015	쌍치면
35770015	유등면
35770015	인계면
35770015	적성면
35770015	팔덕면
35770015	풍산면
35770023	강진면
35770023	관촌면
35770023	덕치면
35770023	삼계면
35770023	성수면
35770023	신덕면
35770023	신평면
35770023	오수면
35770023	운암면
35770023	임실읍
35770023	지사면
35770023	청웅면
35770031	계남면
35770031	계북면
35770031	번암면
35770031	산서면
35770031	장계면
35770031	장수읍
35770031	천천면
35770040	무주읍
35770040	무풍면
35770040	부남면
35770040	설천면
35770040	안성면
35770040	적상면
36700011	도산동
36700011	동곡동
36700011	본량동
36700011	비아동
36700011	삼도동
36700011	송정1동
36700011	송정2동
36700011	수완동
36700011	신가동
36700011	신창동
36700011	신흥동
36700011	어룡동
36700011	우산동
36700011	운남동
36700011	월곡1동
36700011	월곡2동
36700011	임곡동
36700011	첨단1동
36700011	첨단2동
36700011	평동
36700011	하남동
36700029	낙안면
36700029	남제동
36700029	덕연동
36700029	도사동
36700029	매곡동
36700029	별량면
36700029	삼산동
36700029	상사면
36700029	서면
36700029	송광면
36700029	승주읍
36700029	왕조1동
36700029	왕조2동
36700029	외서면
36700029	월등면
36700029	장천동
36700029	저전동
36700029	조곡동
36700029	주암면
36700029	중앙동
36700029	풍덕동
36700029	해룡면
36700029	향동
36700029	황전면
36700037	군서면
36700037	금정면
36700037	덕진면
36700037	도포면
36700037	미암면
36700037	삼호읍
36700037	서호면
36700037	시종면
36700037	신북면
36700037	영암읍
36700037	학산면
36700045	대성동
36700045	동명동
36700045	만호동
36700045	목원동
36700045	부주동
36700045	부흥동
36700045	북항동
36700045	산정동
36700045	삼학동
36700045	삼향동
36700045	상동
36700045	신흥동
36700045	연동
36700045	연산동
36700045	옥암동
36700045	용당1동
36700045	용당2동
36700045	용해동
36700045	원산동
36700045	유달동
36700045	이로동
36700045	죽교동
36700045	하당동
36700088	망운면
36700088	몽탄면
36700088	무안읍
36700088	삼향읍
36700088	운남면
36700088	일로읍
36700088	청계면
36700088	해제면
36700088	현경면
36700096	계곡면
36700096	마산면
36700096	문내면
36700096	북일면
36700096	북평면
36700096	산이면
36700096	삼산면
36700096	송지면
36700096	옥천면
36700096	해남읍
36700096	현산면
36700096	화산면
36700096	화원면
36700096	황산면
36700100	군남면
36700100	군서면
36700100	낙월면
36700100	대마면
36700100	묘량면
36700100	백수읍
36700100	법성면
36700100	불갑면
36700100	염산면
36700100	영광읍
36700100	홍농읍
36700126	강진읍
36700126	군동면
36700126	대구면
36700126	도암면
36700126	마량면
36700126	병영면
36700126	성전면
36700126	신전면
36700126	옴천면
36700126	작천면
36700126	칠량면
36700142	건국동
36700142	동림동
36700142	두암1동
36700142	두암2동
36700142	두암3동
36700142	매곡동
36700142	문화동
36700142	문흥1동
36700142	문흥2동
36700142	삼각동
36700142	석곡동
36700142	신안동
36700142	신용동
36700142	양산동
36700142	오치1동
36700142	오치2동
36700142	용봉동
36700142	우산동
36700142	운암1동
36700142	운암2동
36700142	운암3동
36700142	일곡동
36700142	임동
36700142	중앙동
36700142	중흥1동
36700142	중흥동
36700142	풍향동
36700151	계림1동
36700151	계림2동
36700151	동명동
36700151	산수1동
36700151	산수2동
36700151	서남동
36700151	지산1동
36700151	지산2동
36700151	지원1동
36700151	지원2동
36700151	충장동
36700151	학동
36700151	학운동
36700169	능주면
36700169	도곡면
36700169	도암면
36700169	동면
36700169	동복면
36700169	백아면
36700169	사평면
36700169	이서면
36700169	이양면
36700169	청풍면
36700169	춘양면
36700169	한천면
36700169	화순읍
36700177	도초면
36700177	비금면
36700177	신의면
36700177	안좌면
36700177	암태면
36700177	압해읍
36700177	임자면
36700177	자은면
36700177	장산면
36700177	증도면
36700177	지도읍
36700177	팔금면
36700177	하의면
36700177	흑산면
36700185	관산읍
36700185	대덕읍
36700185	부산면
36700185	안양면
36700185	용산면
36700185	유치면
36700185	장동면
36700185	장평면
36700185	장흥읍
36700185	회진면
36700193	고흥읍
36700193	과역면
36700193	금산면
36700193	남양면
36700193	대서면
36700193	도덕면
36700193	도양읍
36700193	도화면
36700193	동강면
36700193	동일면
36700193	두원면
36700193	봉래면
36700193	영남면
36700193	점암면
36700193	포두면
36700193	풍양면
36700215	고군면
36700215	군내면
36700215	의신면
36700215	임회면
36700215	조도면
36700215	지산면
36700215	진도읍
36700223	가사문학면
36700223	고서면
36700223	금성면
36700223	담양읍
36700223	대덕면
36700223	대전면
36700223	무정면
36700223	봉산면
36700223	수북면
36700223	용면
36700223	월산면
36700223	창평면
36700231	겸백면
36700231	노동면
36700231	득량면
36700231	문덕면
36700231	미력면
36700231	벌교읍
36700231	보성읍
36700231	복내면
36700231	웅치면
36700231	율어면
36700231	조성면
36700231	회천면
36700258	광천동
36700258	금호1동
36700258	금호2동
36700258	농성1동
36700258	농성2동
36700258	동천동
36700258	상무1동
36700258	상무2동
36700258	서창동
36700258	양3동
36700258	양동
36700258	유덕동
36700258	치평동
36700258	풍암동
36700258	화정1동
36700258	화정2동
36700258	화정3동
36700258	화정4동
36700266	공산면
36700266	금남동
36700266	금천면
36700266	남평읍
36700266	노안면
36700266	다도면
36700266	다시면
36700266	동강면
36700266	문평면
36700266	반남면
36700266	봉황면
36700266	빛가람동
36700266	산포면
36700266	성북동
36700266	세지면
36700266	송월동
36700266	영강동
36700266	영산동
36700266	왕곡면
36700266	이창동
36700274	광림동
36700274	국동
36700274	남면
36700274	대교동
36700274	돌산읍
36700274	동문동
36700274	둔덕동
36700274	만덕동
36700274	묘도동
36700274	문수동
36700274	미평동
36700274	삼산면
36700274	삼일동
36700274	서강동
36700274	소라면
36700274	시전동
36700274	쌍봉동
36700274	여서동
36700274	여천동
36700274	월호동
36700274	율촌면
36700274	주삼동
36700274	중앙동
36700274	충무동
36700274	한려동
36700274	화양면
36700274	화정면
36700291	나산면
36700291	대동면
36700291	손불면
36700291	신광면
36700291	엄다면
36700291	월야면
36700291	학교면
36700291	함평읍
36700291	해보면
36700312	골약동
36700312	광양읍
36700312	광영동
36700312	금호동
36700312	다압면
36700312	봉강면
36700312	옥곡면
36700312	옥룡면
36700312	중마동
36700312	진상면
36700312	진월면
36700312	태인동
36700321	대촌동
36700321	방림1동
36700321	방림2동
36700321	백운1동
36700321	백운2동
36700321	봉선1동
36700321	봉선2동
36700321	사직동
36700321	송암동
36700321	양림동
36700321	월산4동
36700321	월산5동
36700321	월산동
36700321	주월1동
36700321	주월2동
36700321	진월동
36700321	효덕동
36700339	남면
36700339	동화면
36700339	북이면
36700339	북일면
36700339	북하면
36700339	삼계면
36700339	삼서면
36700339	서삼면
36700339	장성읍
36700339	진원면
36700339	황룡면
36770019	간전면
36770019	광의면
36770019	구례읍
36770019	마산면
36770019	문척면
36770019	산동면
36770019	용방면
36770019	토지면
36770027	겸면
36770027	고달면
36770027	곡성읍
36770027	목사동면
36770027	삼기면
36770027	석곡면
36770027	오곡면
36770027	오산면
36770027	옥과면
36770027	입면
36770027	죽곡면
36770035	고금면
36770035	군외면
36770035	금당면
36770035	금일읍
36770035	노화읍
36770035	보길면
36770035	생일면
36770035	소안면
36770035	신지면
36770035	약산면
36770035	완도읍
36770035	청산면
37700014	군위읍
37700014	부계면
37700014	산성면
37700014	삼국유사면
37700014	소보면
37700014	우보면
37700014	의흥면
37700014	효령면
37700022	구룡포읍
37700022	대송면
37700022	대이동
37700022	동해면
37700022	상대동
37700022	송도동
37700022	연일읍
37700022	오천읍
37700022	장기면
37700022	제철동
37700022	청림동
37700022	해도동
37700022	호미곶면
37700022	효곡동
37700049	가은읍
37700049	농암면
37700049	동로면
37700049	마성면
37700049	문경읍
37700049	산북면
37700049	산양면
37700049	영순면
37700049	점촌1동
37700049	점촌2동
37700049	점촌3동
37700049	점촌4동
37700049	점촌5동
37700049	호계면
37700057	감천면
37700057	개포면
37700057	보문면
37700057	예천읍
37700057	용궁면
37700057	용문면
37700057	유천면
37700057	은풍면
37700057	지보면
37700057	풍양면
37700057	호명읍
37700057	효자면
37700073	명호면
37700073	물야면
37700073	법전면
37700073	봉성면
37700073	봉화읍
37700073	상운면
37700073	석포면
37700073	소천면
37700073	재산면
37700073	춘양면
37700111	가천면
37700111	금수강산면
37700111	대가면
37700111	벽진면
37700111	선남면
37700111	성주읍
37700111	수륜면
37700111	용암면
37700111	월항면
37700111	초전면
37700138	가산면
37700138	기산면
37700138	동명면
37700138	북삼읍
37700138	석적읍
37700138	약목면
37700138	왜관읍
37700138	지천면
37700146	개진면
37700146	다산면
37700146	대가야읍
37700146	덕곡면
37700146	성산면
37700146	쌍림면
37700146	우곡면
37700146	운수면
37700154	각남면
37700154	각북면
37700154	금천면
37700154	매전면
37700154	운문면
37700154	이서면
37700154	청도읍
37700154	풍각면
37700154	화양읍
37700162	기계면
37700162	기북면
37700162	두호동
37700162	송라면
37700162	신광면
37700162	양학동
37700162	용흥동
37700162	우창동
37700162	장량동
37700162	죽도동
37700162	죽장면
37700162	중앙동
37700162	청하면
37700162	환여동
37700162	흥해읍
37700201	강구면
37700201	남정면
37700201	달산면
37700201	병곡면
37700201	영덕읍
37700201	영해면
37700201	지품면
37700201	창수면
37700201	축산면
37700235	가음면
37700235	구천면
37700235	금성면
37700235	다인면
37700235	단밀면
37700235	단북면
37700235	단촌면
37700235	봉양면
37700235	비안면
37700235	사곡면
37700235	신평면
37700235	안계면
37700235	안사면
37700235	안평면
37700235	옥산면
37700235	의성읍
37700235	점곡면
37700235	춘산면
37700243	가창면
37700243	구지면
37700243	논공읍
37700243	다사읍
37700243	옥포읍
37700243	유가읍
37700243	하빈면
37700243	현풍읍
37700243	화원읍
37700251	가흥1동
37700251	가흥2동
37700251	단산면
37700251	문수면
37700251	봉현면
37700251	부석면
37700251	상망동
37700251	순흥면
37700251	안정면
37700251	영주1동
37700251	영주2동
37700251	이산면
37700251	장수면
37700251	평은면
37700251	풍기읍
37700251	하망동
37700251	휴천1동
37700251	휴천2동
37700251	휴천3동
37700260	감문면
37700260	감천면
37700260	개령면
37700260	구성면
37700260	남면
37700260	농소면
37700260	대곡동
37700260	대덕면
37700260	대신동
37700260	대항면
37700260	봉산면
37700260	부항면
37700260	아포읍
37700260	양금동
37700260	어모면
37700260	율곡동
37700260	자산동
37700260	조마면
37700260	증산면
37700260	지례면
37700260	지좌동
37700260	평화남산동
37700278	공단동
37700278	광평동
37700278	도량동
37700278	비산동
37700278	상모사곡동
37700278	선주원남동
37700278	송정동
37700278	신평1동
37700278	신평2동
37700278	양포동
37700278	원평동
37700278	인동동
37700278	임오동
37700278	지산동
37700278	진미동
37700278	형곡1동
37700278	형곡2동
37700286	강남동
37700286	길안면
37700286	남선면
37700286	남후면
37700286	녹전면
37700286	도산면
37700286	명륜동
37700286	북후면
37700286	서구동
37700286	서후면
37700286	송하동
37700286	안기동
37700286	예안면
37700286	옥동
37700286	와룡면
37700286	용상동
37700286	일직면
37700286	임동면
37700286	임하면
37700286	중구동
37700286	태화동
37700286	평화동
37700286	풍산읍
37700286	풍천면
37700294	석보면
37700294	수비면
37700294	영양읍
37700294	일월면
37700294	입암면
37700294	청기면
37700308	감포읍
37700308	강동면
37700308	건천읍
37700308	내남면
37700308	동천동
37700308	문무대왕면
37700308	보덕동
37700308	불국동
37700308	산내면
37700308	서면
37700308	선도동
37700308	성건동
37700308	안강읍
37700308	양남면
37700308	외동읍
37700308	용강동
37700308	월성동
37700308	천북면
37700308	현곡면
37700308	황남동
37700308	황성동
37700308	황오동
37700316	공산동
37700316	도평동
37700316	동촌동
37700316	방촌동
37700316	불로.봉무동
37700316	신암1동
37700316	신암2동
37700316	신암3동
37700316	신암4동
37700316	신암5동
37700316	신천1.2동
37700316	신천3동
37700316	신천4동
37700316	안심1동
37700316	안심2동
37700316	안심3동
37700316	안심4동
37700316	지저동
37700316	해안동
37700316	혁신동
37700316	효목1동
37700316	효목2동
37700324	남산1동
37700324	남산2동
37700324	남산3동
37700324	남산4동
37700324	대봉1동
37700324	대봉2동
37700324	대신동
37700324	동인동
37700324	삼덕동
37700324	성내1동
37700324	성내2동
37700324	성내3동
37700332	대명10동
37700332	대명11동
37700332	대명1동
37700332	대명2동
37700332	대명3동
37700332	대명4동
37700332	대명5동
37700332	대명6동
37700332	대명9동
37700332	봉덕1동
37700332	봉덕2동
37700332	봉덕3동
37700332	이천동
37700341	내당1동
37700341	내당2.3동
37700341	내당4동
37700341	비산1동
37700341	비산2.3동
37700341	비산4동
37700341	비산5동
37700341	비산6동
37700341	비산7동
37700341	상중이동
37700341	원대동
37700341	평리1동
37700341	평리2동
37700341	평리3동
37700341	평리4동
37700341	평리5동
37700341	평리6동
37700359	고산1동
37700359	고산2동
37700359	고산3동
37700359	두산동
37700359	만촌1동
37700359	만촌2동
37700359	만촌3동
37700359	범물1동
37700359	범물2동
37700359	범어1동
37700359	범어2동
37700359	범어3동
37700359	범어4동
37700359	상동
37700359	수성1가동
37700359	수성2.3가동
37700359	수성4가동
37700359	중동
37700359	지산1동
37700359	지산2동
37700359	파동
37700359	황금1동
37700359	황금2동
37700367	검단동
37700367	고성동
37700367	관문동
37700367	관음동
37700367	구암동
37700367	국우동
37700367	노원동
37700367	대현동
37700367	동천동
37700367	무태조야동
37700367	복현1동
37700367	복현2동
37700367	산격1동
37700367	산격2동
37700367	산격3동
37700367	산격4동
37700367	읍내동
37700367	칠성동
37700367	침산1동
37700367	침산2동
37700367	침산3동
37700367	태전1동
37700367	태전2동
37700375	고경면
37700375	금호읍
37700375	남부동
37700375	대창면
37700375	동부동
37700375	북안면
37700375	서부동
37700375	신녕면
37700375	완산동
37700375	임고면
37700375	자양면
37700375	중앙동
37700375	청통면
37700375	화남면
37700375	화북면
37700375	화산면
37700391	계림동
37700391	공검면
37700391	공성면
37700391	낙동면
37700391	남원동
37700391	내서면
37700391	동문동
37700391	동성동
37700391	모동면
37700391	모서면
37700391	북문동
37700391	사벌국면
37700391	신흥동
37700391	외남면
37700391	외서면
37700391	은척면
37700391	이안면
37700391	중동면
37700391	청리면
37700391	함창읍
37700391	화남면
37700391	화동면
37700391	화북면
37700391	화서면
37700405	감삼동
37700405	도원동
37700405	두류1.2동
37700405	두류3동
37700405	본동
37700405	본리동
37700405	상인1동
37700405	상인2동
37700405	상인3동
37700405	성당동
37700405	송현1동
37700405	송현2동
37700405	신당동
37700405	용산1동
37700405	용산2동
37700405	월성1동
37700405	월성2동
37700405	유천동
37700405	이곡1동
37700405	이곡2동
37700405	장기동
37700405	죽전동
37700405	진천동
37700413	남부동
37700413	남산면
37700413	남천면
37700413	동부동
37700413	북부동
37700413	서부1동
37700413	서부2동
37700413	압량읍
37700413	와촌면
37700413	용성면
37700413	자인면
37700413	중방동
37700413	중앙동
37700413	진량읍
37700413	하양읍
37700421	고아읍
37700421	도개면
37700421	무을면
37700421	산동읍
37700421	선산읍
37700421	옥성면
37700421	장천면
37700421	해평면
37700430	근남면
37700430	금강송면
37700430	기성면
37700430	매화면
37700430	북면
37700430	온정면
37700430	울진읍
37700430	죽변면
37700430	평해읍
37700430	후포면
37770012	부남면
37770012	안덕면
37770012	주왕산면
37770012	진보면
37770012	청송읍
37770012	파천면
37770012	현동면
37770012	현서면
37770039	북면
37770039	서면
37770039	울릉읍
38700034	경화동
38700034	덕산동
38700034	병암동
38700034	석동
38700034	여좌동
38700034	웅동1동
38700034	웅동2동
38700034	웅천동
38700034	이동
38700034	자은동
38700034	충무동
38700034	태백동
38700034	풍호동
38700042	두동면
38700042	두서면
38700042	범서읍
38700042	삼남읍
38700042	삼동면
38700042	상북면
38700042	서생면
38700042	언양읍
38700042	온산읍
38700042	온양읍
38700042	웅촌면
38700042	청량읍
38700051	개천면
38700051	거류면
38700051	고성읍
38700051	구만면
38700051	대가면
38700051	동해면
38700051	마암면
38700051	삼산면
38700051	상리면
38700051	영오면
38700051	영현면
38700051	하이면
38700051	하일면
38700051	회화면
38700069	곤명면
38700069	곤양면
38700069	남양동
38700069	동서금동
38700069	동서동
38700069	벌용동
38700069	사남면
38700069	사천읍
38700069	서포면
38700069	선구동
38700069	용현면
38700069	정동면
38700069	축동면
38700069	향촌동
38700077	고전면
38700077	금남면
38700077	금성면
38700077	북천면
38700077	악양면
38700077	양보면
38700077	옥종면
38700077	적량면
38700077	진교면
38700077	청암면
38700077	하동읍
38700077	화개면
38700077	횡천면
38700085	가례면
38700085	궁류면
38700085	낙서면
38700085	대의면
38700085	봉수면
38700085	부림면
38700085	용덕면
38700085	유곡면
38700085	의령읍
38700085	정곡면
38700085	지정면
38700085	칠곡면
38700085	화정면
38700107	내외동
38700107	대동면
38700107	동상동
38700107	부원동
38700107	북부동
38700107	불암동
38700107	삼안동
38700107	상동면
38700107	생림면
38700107	장유1동
38700107	장유2동
38700107	장유3동
38700107	주촌면
38700107	진례면
38700107	진영읍
38700107	칠산서부동
38700107	한림면
38700107	활천동
38700107	회현동
38700115	가포동
38700115	교방동
38700115	구산면
38700115	구암1동
38700115	구암2동
38700115	내서읍
38700115	문화동
38700115	반월중앙동
38700115	봉암동
38700115	산호동
38700115	석전동
38700115	양덕1동
38700115	양덕2동
38700115	오동동
38700115	완월동
38700115	월영동
38700115	자산동
38700115	진동면
38700115	진북면
38700115	진전면
38700115	합성1동
38700115	합성2동
38700115	합포동
38700115	현동
38700115	회성동
38700115	회원1동
38700115	회원2동
38700123	다운동
38700123	반구1동
38700123	반구2동
38700123	병영1동
38700123	병영2동
38700123	복산동
38700123	성안동
38700123	약사동
38700123	우정동
38700123	중앙동
38700123	태화동
38700123	학성동
38700131	가호동
38700131	금곡면
38700131	금산면
38700131	내동면
38700131	대곡면
38700131	대평면
38700131	명석면
38700131	문산읍
38700131	미천면
38700131	사봉면
38700131	상대동
38700131	상봉동
38700131	상평동
38700131	성북동
38700131	수곡면
38700131	신안동
38700131	이반성면
38700131	이현동
38700131	일반성면
38700131	정촌면
38700131	중앙동
38700131	지수면
38700131	진성면
38700131	집현면
38700131	천전동
38700131	초장동
38700131	충무공동
38700131	판문동
38700131	평거동
38700131	하대동
38700140	가음정동
38700140	대산면
38700140	동읍
38700140	명곡동
38700140	반송동
38700140	봉림동
38700140	북면
38700140	사파동
38700140	상남동
38700140	성주동
38700140	용지동
38700140	웅남동
38700140	의창동
38700140	중앙동
38700140	팔룡동
38700182	계성면
38700182	고암면
38700182	길곡면
38700182	남지읍
38700182	대지면
38700182	대합면
38700182	도천면
38700182	부곡면
38700182	성산면
38700182	영산면
38700182	유어면
38700182	이방면
38700182	장마면
38700182	창녕읍
38700191	강서동
38700191	덕계동
38700191	동면
38700191	물금읍
38700191	삼성동
38700191	상북면
38700191	서창동
38700191	소주동
38700191	양주동
38700191	원동면
38700191	중앙동
38700191	평산동
38700191	하북면
38700212	마천면
38700212	백전면
38700212	병곡면
38700212	서상면
38700212	서하면
38700212	수동면
38700212	안의면
38700212	유림면
38700212	지곡면
38700212	함양읍
38700212	휴천면
38700221	가북면
38700221	가조면
38700221	거창읍
38700221	고제면
38700221	남상면
38700221	남하면
38700221	마리면
38700221	북상면
38700221	신원면
38700221	웅양면
38700221	위천면
38700221	주상면
38700239	가야면
38700239	가회면
38700239	대병면
38700239	대양면
38700239	덕곡면
38700239	묘산면
38700239	봉산면
38700239	삼가면
38700239	쌍백면
38700239	쌍책면
38700239	야로면
38700239	용주면
38700239	율곡면
38700239	적중면
38700239	청덕면
38700239	초계면
38700239	합천읍
38700247	고현면
38700247	남면
38700247	남해읍
38700247	미조면
38700247	삼동면
38700247	상주면
38700247	서면
38700247	설천면
38700247	이동면
38700247	창선면
38700298	달동
38700298	대현동
38700298	무거동
38700298	삼산동
38700298	삼호동
38700298	선암동
38700298	수암동
38700298	신정1동
38700298	신정2동
38700298	신정3동
38700298	신정4동
38700298	신정5동
38700298	야음장생포동
38700298	옥동
38700301	남목1동
38700301	남목2동
38700301	남목3동
38700301	대송동
38700301	방어동
38700301	일산동
38700301	전하1동
38700301	전하2동
38700301	화정동
38700336	가곡동
38700336	교동
38700336	내이동
38700336	내일동
38700336	단장면
38700336	무안면
38700336	부북면
38700336	산내면
38770024	단성면
38700336	산외면
38700336	삼랑진읍
38700336	삼문동
38700336	상남면
38700336	상동면
38700336	청도면
38700336	초동면
38700336	하남읍
38700344	거제면
38700344	고현동
38700344	남부면
38700344	능포동
38700344	동부면
38700344	둔덕면
38700344	사등면
38700344	상문동
38700344	수양동
38700344	아주동
38700344	연초면
38700344	옥포1동
38700344	옥포2동
38700344	일운면
38700344	장목면
38700344	장승포동
38700344	장평동
38700344	하청면
38700352	광도면
38700352	도산면
38700352	도천동
38700352	명정동
38700352	무전동
38700352	미수동
38700352	봉평동
38700352	북신동
38700352	사량면
38700352	산양읍
38700352	욕지면
38700352	용남면
38700352	정량동
38700352	중앙동
38700352	한산면
38700361	강동동
38700361	농소1동
38700361	농소2동
38700361	농소3동
38700361	송정동
38700361	양정동
38700361	염포동
38700361	효문동
38700379	가야읍
38700379	군북면
38700379	대산면
38700379	법수면
38700379	산인면
38700379	여항면
38700379	칠북면
38700379	칠서면
38700379	칠원읍
38700379	함안면
38770024	금서면
38770024	산청읍
38770024	삼장면
38770024	생비량면
38770024	생초면
38770024	시천면
38770024	신등면
38770024	신안면
38770024	오부면
38770024	차황면
39700011	남원읍
39700011	성산읍
39700011	표선면
39700020	건입동
39700020	노형동
39700020	도두동
39700020	봉개동
39700020	삼도1동
39700020	삼도2동
39700020	삼양동
39700020	아라동
39700020	연동
39700020	오라동
39700020	외도동
39700020	용담1동
39700020	용담2동
39700020	이도1동
39700020	이도2동
39700020	이호동
39700020	일도1동
39700020	일도2동
39700020	추자면
39700020	화북동
39700038	애월읍
39700038	한경면
39700038	한림읍
39700046	대륜동
39700046	대천동
39700046	동홍동
39700046	서홍동
39700046	송산동
39700046	영천동
39700046	예래동
39700046	정방동
39700046	중문동
39700046	중앙동
39700046	천지동
39700046	효돈동
39700054	대정읍
39700054	안덕면
39700062	구좌읍
39700062	우도면
39700062	조천읍
41700008	동탄1동
41700008	동탄2동
41700008	동탄3동
41700008	동탄4동
41700008	동탄5동
41700008	동탄6동
41700008	동탄7동
41700008	동탄8동
41700008	동탄9동
41700016	기배동
41700016	반월동
41700016	병점1동
41700016	병점2동
41700016	정남면
41700016	진안동
41700016	화산동
